Temperature,Humidity,Moisture,GasLevel,Crop
31.745401188473625,89.01428612819832,74.6398788362281,479.597545259111,Rice
29.560186404424364,73.11989040672405,61.16167224336399,559.8528437324806,Rice
34.01115011743209,84.1614515559209,60.41168988591605,590.9729556485984,Rice
36.324426408004214,74.24678221356552,63.63649934414201,355.0213529560301,Rice
31.042422429595376,80.49512863264476,68.63890037284231,387.36874205941257,Rice
34.118528947223794,72.78987721304084,65.84289297070437,409.90855298810754,Rice
32.56069984217036,85.70351922786027,63.993475643167194,454.2703315240835,Rice
33.92414568862043,70.92900825439996,72.15089703802877,351.15723710618744,Rice
28.650515929852794,88.97771074506667,79.31264066149119,542.5192044349383,Rice
31.046137691733705,71.95344228012767,73.68466053024314,432.04574812188037,Rice
29.22038234844779,79.9035382022254,60.68777042230437,572.7961206236346,Rice
30.58779981600017,83.25044568707963,66.23422152178821,456.0204063533432,Rice
33.467102793432794,73.69708911051055,79.39169255529117,532.5398470083344,Rice
37.39498941564189,87.89654700855297,71.95799957622171,576.562270506935,Rice
28.884925020519194,73.9196572483829,60.90454577821076,397.5990992289793,Rice
31.88677289689482,75.42698063547792,76.57475018303859,407.0259980080768,Rice
30.80934509687381,80.85392166316497,62.818484499495256,540.6590942262119,Rice
28.745506436797708,89.73773873201034,75.44489538593315,359.61470446025174,Rice
28.055221171236024,86.30922856909669,74.13714687695234,518.7021504122962,Rice
35.71270346685946,71.48089303468181,67.16931457088545,334.7607178575389,Rice
36.63103425875593,82.46596253655116,66.61796049705299,319.0675050858071,Rice
31.109823217156624,76.50366644053494,74.59212356676127,491.2672414065639,Rice
36.87212742576327,79.44429850323898,62.39188491876603,513.9734361668985,Rice
35.60785048616897,81.22554395138992,75.41934359909122,448.13867890931726,Rice
33.22732829381994,78.55082036717099,60.5083825348819,332.36742809799136,Rice
28.314291856867342,82.72820822527561,66.28711962152653,452.5712073494108,Rice
37.07566473926093,74.9858445829775,68.2076584607126,526.6653415629146,Rice
30.287981654916223,71.53959819657587,65.79502905827536,348.36638617620133,Rice
37.29697652342573,86.16240759128834,72.66807513020846,561.4381770563153,Rice
36.036720768991145,73.73140117772071,77.85117996979956,461.8026725746952,Rice
36.07440155164063,87.92182599846987,66.36006949943727,333.015577358303,Rice
30.279351625419416,78.54215577252512,76.36029531844986,558.2191749769031,Rice
28.069521305311905,80.21494605155132,68.34822006297559,366.63234314121905,Rice
29.19865367333683,76.75230342807257,78.85819407825039,396.96087960622657,Rice
33.187906217433664,84.06037917790356,67.27259204758587,591.5346248162882,Rice
37.62447294942111,75.03564591650728,69.9449701178477,390.2634929450309,Rice
30.848404943774675,70.73773894709066,72.19128667959794,450.80370696865845,Rice
28.514787512499893,75.57292928473223,78.16531771933307,371.8685672000917,Rice
29.44894872091223,79.78905520555126,79.71300908221201,372.6165814534501,Rice
34.72135547405878,85.23239230657435,64.752750879848,518.4649045835579,Rice
31.677831327192532,82.64611661187159,72.67059421521789,460.73240522242753,Rice
28.902897700544084,86.70604991178476,66.41560129943471,355.9555531199563,Rice
28.40775141554764,81.81785886376484,73.55128723684565,304.9763486783568,Rice
33.12093058299281,74.52991550395876,72.903455808189,352.3099287014974,Rice
34.90937738102466,77.73470692601074,78.73459977473469,341.25628324379795,Rice
31.410663510502584,72.26947042481179,78.49387236557126,563.2018060142943,Rice
30.579416277151555,83.19968092068358,76.34444400402433,466.56024347983873,Rice
33.296505783560065,74.83704581800903,61.862055356117985,569.164727385998,Rice
37.004180571633306,82.66202914546535,66.78059582097401,404.76287238379825,Rice
35.2595567887024,87.94220519905154,77.74172848530235,533.9626637572871,Rice
34.420316461542875,71.68279929990098,63.232574281892276,569.5662565581238,Rice
34.064290596595896,70.1839410323326,62.02943085732064,499.05053073241675,Rice
28.050615838462186,73.21616102834997,70.97467578733172,507.56855930780796,Rice
34.519612595026004,74.4853861892112,74.24358442695072,371.17472624904,Rice
31.253996981592678,84.92982810236049,72.9926579809443,554.7670231482534,Rice
34.57612892300343,81.36617206670942,61.87349535656185,410.31474091783,Rice
30.652023676817254,74.87979286758167,79.46021109504892,417.92931740002814,Rice
36.92046555177113,82.62277251994526,75.89622607083297,450.79112793155764,Rice
33.76903884626359,79.85035387637728,63.90485975596089,516.7356345784516,Rice
30.80772362440856,70.48631932862908,72.90944591814336,353.1332038221147,Rice
37.40458584352914,89.07857154005174,78.29728780440897,411.0476100766333,Rice
28.154566165288674,88.5663712517545,68.56368296634629,589.9964457131009,Rice
37.63619977089253,87.0601891093472,65.88897784139172,415.5293185805776,Rice
36.51136671516857,76.33844010312555,63.38985493372185,467.0403787375051,Rice
37.36154774160781,83.92059593349946,71.40122340178729,329.1529481312306,Rice
34.1500722669917,89.80107700208526,62.80168030473048,455.49889570912103,Rice
36.773730719279556,84.8153723550841,73.94031481990535,510.74522519613276,Rice
31.59491151219755,75.87183688528987,76.18722310957027,543.0340184037542,Rice
36.67072318580104,88.26481105112943,70.22684797721875,450.45488840615985,Rice
35.98295178966775,82.9992786155553,74.03933754515407,538.7378008308303,Rice
36.90005341817566,76.75990313703072,67.51165905279888,328.1945819522607,Rice
33.78280140996174,70.71884547593484,69.3119603626492,462.79339041227297,Rice
30.865412521282845,81.81666521138021,60.61000499878099,311.2044566247643,Rice
36.22600560659659,77.20381282822525,62.5412102530377,456.67297801644133,Rice
35.69993553098611,74.31642054993686,72.45780951638001,325.60423949813037,Rice
28.516817211686078,80.62709263136296,70.81270243220213,491.22897044946194,Rice
35.26091333722661,89.5170415892507,70.32600696602391,396.8869418823738,Rice
35.951861947687036,75.41664502524148,68.77942841411272,323.53691440267977,Rice
28.253507434154574,89.2529682935585,76.71960241024412,508.7922618281094,Rice
32.0895294441427,73.46588640141691,63.12874085342172,375.0728694493786,Rice
33.49226664706121,84.29191845400125,73.20394753435463,383.98016908378287,Rice
37.54865280663194,84.75793833391538,71.08708105022801,483.5162238703057,Rice
32.1960006242779,74.95461979002314,67.11945357302523,527.3538331393107,Rice
28.143934886297558,72.32145281013833,60.920052840435055,312.218640695691,Rice
36.55460584011007,84.07315718760047,69.4834765817465,329.3502481953004,Rice
32.916158751168325,79.46943541561131,63.464037398200304,430.1554947713919,Rice
31.985047343973733,82.31700196104433,72.70187301735288,313.59120293161334,Rice
31.74612614626471,82.51719831428473,70.06272517160176,556.9469523564967,Rice
34.58693631618945,73.2586885416286,61.4113749480086,492.7257834618947,Rice
28.26511310541622,81.71551162546926,78.80460482849915,472.64225336276365,Rice
31.88169926206522,82.86576436884707,69.16505780983033,463.68503679478044,Rice
37.41464808776525,77.72205275601549,79.22381127647829,571.6051925868192,Rice
29.957911347892964,71.38722601750331,62.01556002754853,305.4665476954649,Rice
28.944429607559282,83.66013546832714,61.42377296920458,395.6926890881284,Rice
36.44875310969454,70.46543871471651,76.28936965177871,384.55643243201996,Rice
29.181648276216563,83.93474330728301,72.57885693559768,563.2416040581159,Rice
35.35071043803886,86.06961860769697,65.64069145142614,353.2318631339168,Rice
35.50614751640858,86.13669478534528,79.81010284001347,423.78530307342794,Rice
31.720180857927833,85.52825921483993,66.81607080506036,579.2271976810694,Rice
36.58412751843012,78.57988054750037,75.01742135582995,526.3628622254047,Rice
21.031238688359327,58.05105813359133,50.105047448957144,356.61436652693544,Wheat
23.200496010306118,57.91046456992401,47.784033574683264,152.7094128700746,Wheat
29.05381976419264,41.82573353572267,46.3862727518083,387.51549176270123,Wheat
29.506071469375563,51.46875776246572,52.63674424339598,262.11138049458,Wheat
22.932107716980646,46.57329090739832,53.45036912154077,338.09363235942,Wheat
27.915790437258487,55.79236285589108,41.82412206097381,273.60507617564537,Wheat
20.575587600166443,50.99057764647471,48.83061002746754,371.92604568957495,Wheat
23.509150125520787,42.341340328552114,42.85983364105672,340.37765792936807,Wheat
26.18218063316261,42.022453522455805,41.68213612229995,325.24228286478,Wheat
20.727630063641936,56.437201185807126,54.124844543129925,170.33719516047495,Wheat
20.84837714085192,59.73279157002351,47.4854159151224,242.66053676672271,Wheat
28.127995672575025,58.94497154767717,59.720021276457416,338.3445463147354,Wheat
23.762595855309158,41.67001433397338,55.542938318548735,289.60106243395126,Wheat
24.242220092469765,58.12708770189472,42.223949646123025,273.1562760727148,Wheat
20.11353644767419,49.37321283988253,41.126065513636746,179.70447906701799,Wheat
21.17526246777105,52.984206042321276,54.92089758530847,295.8421912742899,Wheat
29.62172548474542,47.49741159047408,45.714241725637216,367.1497820473651,Wheat
22.235958385194525,59.264450788812226,40.243089493796326,392.46970667690977,Wheat
20.431599119505762,57.82286227396142,50.554022181726,398.2411990298251,Wheat
20.737965647353988,51.077085688026415,59.38605071238198,280.7744610425372,Wheat
26.293986381352624,53.914973779692346,49.09082129535547,306.88952002101587,Wheat
25.843143119231,58.02316020981978,40.90892760682916,220.24079739805757,Wheat
29.504114840765588,57.80527567781833,49.11313505571426,305.03314945038414,Wheat
22.773811829811326,43.762423194475225,49.27396809879964,238.33805700651322,Wheat
25.83656111850872,41.554692739299696,59.487896153323334,396.5526861199007,Wheat
26.98161714019745,50.72192732688241,46.19055232572656,353.44875492673714,Wheat
26.847311725538795,43.25233878689782,58.21854368987685,355.6343107307922,Wheat
29.49799913291924,54.5143901677672,52.2683039187158,254.56075907265472,Wheat
29.327284833540133,57.32127779000817,40.90437340212379,156.591743624313,Wheat
23.764633668780498,56.21106661563665,59.74552258629889,187.60422277588205,Wheat
25.94130715352135,47.61781713262043,59.398287956292066,360.52973078392716,Wheat
28.38328704711138,49.3738631958994,48.2963900467533,218.35176798267656,Wheat
20.563754966509272,57.29444752510106,56.258020182601555,399.92941832153264,Wheat
29.966368370739055,51.10863411205255,55.379748303610214,386.19143247060697,Wheat
28.496473906774114,44.94696203486395,49.01088270620187,182.28985378787374,Wheat
29.540510272587223,52.1234926890176,44.57285611006925,317.9251711014642,Wheat
26.18128240457896,47.16325436065681,42.271151843992584,317.8932988981999,Wheat
25.203077009037933,55.44636783471279,50.403270022239866,363.04537507963505,Wheat
25.519068387744856,51.21875943070773,57.533072053166904,250.87071655309927,Wheat
21.340152284506406,40.57565352626678,55.10274511347238,305.0773878383662,Wheat
27.040797680992235,44.25928323017821,42.727429511735394,153.63616641697047,Wheat
23.50587558806597,51.79835373709266,47.84488090199464,259.36873050593226,Wheat
29.041586944937485,46.96510934046601,50.279789783196215,345.9132531852858,Wheat
23.9654278232127,52.44173400455747,57.2472741749349,387.3801559144105,Wheat
21.47073480929038,58.53175250322989,49.842325861590766,214.5610970747396,Wheat
24.591357562382612,59.60065150570954,49.85236187985739,232.18790257187703,Wheat
26.334008543167258,44.802912375563864,41.517266562173276,182.2199304776623,Wheat
21.280458389577724,43.03805387024589,42.7765434529882,310.21868620080363,Wheat
21.818800843991447,46.91334566647726,57.935768198120236,268.4904100657181,Wheat
26.67557738521027,43.4463974240326,43.845780376173416,160.2171540666197,Wheat
21.689350630721645,45.57180678063917,43.54020968553493,172.1756334392639,Wheat
21.206358711006008,49.21557536065451,44.12667436811585,241.06746526201886,Wheat
25.034172708548567,53.80789657258731,40.78624279682198,349.85259972726067,Wheat
26.279003894909078,41.63518063897744,57.47157248213554,380.2181001329533,Wheat
20.61077959854864,45.537552962944076,56.12402559586123,337.0649225959146,Wheat
21.845210193563773,44.186986466734204,47.40944205582764,271.1307462977553,Wheat
26.18254771530296,47.378272791395446,49.25069432266296,336.86773453343915,Wheat
20.36683202890598,45.048738886880415,54.26699171769105,373.80170942179984,Wheat
25.116774421156663,50.64226970530631,42.14344022679552,261.8530917058637,Wheat
25.32617266455023,44.849410072694596,45.38486461898762,244.32104077615566,Wheat
20.200711977777264,46.441583311663564,44.22896013993089,231.87433804447866,Wheat
21.19762131819251,57.8105456147979,51.87184907108097,319.7755797861224,Wheat
27.891712386073383,49.96884397858115,41.738405761748474,284.2766354546369,Wheat
25.868411180208792,54.908789483686604,48.63319092459359,181.89507569889093,Wheat
22.837759057987245,47.2616459279727,52.91834482663202,292.694576167228,Wheat
23.56096725897846,59.730304975859596,52.11549638713774,209.30669793399863,Wheat
21.017824726204037,43.05718278368664,44.919154567690164,190.17034331488892,Wheat
21.865670240513058,45.701903373876945,43.467471905895096,374.1913561566063,Wheat
20.80233745661642,50.49022779140509,48.20793653979323,395.59465422715164,Wheat
21.120389021680523,47.95711198091483,59.389408665507375,366.37678147349504,Wheat
28.170720709492798,45.1580565408988,43.41775174780132,317.16080498110773,Wheat
29.293759891275858,51.1352578602786,51.432253789398,219.99477341507105,Wheat
27.69492933191937,43.74087497115047,46.47358472808487,256.3591096541042,Wheat
25.07610378684455,44.84819464830161,42.29673649478407,302.6550106104081,Wheat
22.88630553240256,51.624764428452245,43.087254305484045,270.28502546370436,Wheat
25.325894325515858,41.036470736448535,46.732085563878414,183.60366923474356,Wheat
20.633749704727677,59.7992046477989,46.44707689949446,352.4686114636587,Wheat
22.546406547637638,53.63005444447859,55.20455719779373,298.90968515196107,Wheat
24.715761885501585,48.23681828294537,46.977365330859904,382.38228606195645,Wheat
28.306194077877294,59.300538213330256,42.485944469710894,332.7168688009111,Wheat
29.38340456821038,43.624661323313205,41.329925347335546,335.2801623225148,Wheat
25.74473113179912,56.83657553516544,42.79544753252579,348.81682796497256,Wheat
22.016273200477446,43.27311885731409,43.28531595861986,353.64368005784553,Wheat
26.651972206962,50.46130849538238,47.17660968247005,369.3001352032771,Wheat
23.924451074226354,56.33198878943154,48.78269817140437,244.2361073562269,Wheat
24.626797856696065,46.02755748328284,54.95218760352502,275.6800975231198,Wheat
22.322126951468174,57.991491465491364,47.67782442746423,285.8882152784971,Wheat
29.06472110964547,52.48475991827984,42.33796081416728,384.9580309033688,Wheat
26.27708053071418,46.69811229314172,42.785441453267744,348.50629731757397,Wheat
26.200727559285134,50.66922183952643,57.87785166101915,347.1493028061327,Wheat
21.516748797327512,46.23444135591097,44.969782796289316,335.98657314316927,Wheat
20.335324347357794,51.39779369742633,55.24917371481381,369.19140919043735,Wheat
23.420817487159074,56.42514609344026,42.212634739104146,361.61307293362955,Wheat
21.274886623319823,47.945745811207345,55.94590731559107,187.47935683719345,Wheat
22.292513952326416,54.445051367861325,54.40073073092149,310.2869082213243,Wheat
26.939484444671002,50.854488866951925,45.03598117813905,236.42399837597986,Wheat
21.815977168014257,58.169011226672566,51.66783589532241,250.21285419090998,Wheat
24.62005803644133,58.94566679223631,43.067028062321604,296.5574580041993,Wheat
25.05888678884466,52.22908470869296,40.36220367641681,368.03097723603787,Wheat
29.32118282483612,51.30266367178418,53.93301647753785,380.6248452943239,Wheat
32.072386343133985,53.05078085828523,57.288650805004394,351.678761595714,Maize
29.24130671302386,64.72888471249446,68.03101044307044,431.39212822669407,Maize
29.508393714041322,52.264760916815106,69.54523596887003,409.7245216114835,Maize
26.24662681203267,68.41683765234745,66.09689086186384,329.70951428151807,Maize
30.912754357449295,57.980054077402606,41.64284916466094,283.79931041147523,Maize
33.02853448598012,50.092640460092056,50.004975150734325,299.54217339773584,Maize
30.37395602937923,68.39711232825522,50.39037983097884,286.7383004740569,Maize
32.375012481097485,59.044358817796144,46.738144688199455,313.10987903317334,Maize
26.408570203798,53.527739730124466,54.95103318218439,304.731362376137,Maize
34.148459010681,57.24787798233266,57.4176505083413,358.0660719798826,Maize
25.130944565883336,63.27074744033421,45.34107900609254,440.2675793673638,Maize
26.48662727753113,58.29248247454048,42.56049004235932,449.21856296148684,Maize
30.021950103312427,61.90770034640087,42.012294321652824,387.4901175997944,Maize
27.099055930955856,67.96108578881427,46.15418921446022,247.67193016591665,Maize
25.365496678480948,59.44133890219999,56.94523399787849,216.4271598570881,Maize
32.755276166950104,59.065776694960554,55.7317080798274,310.19068673455706,Maize
29.00763060875326,61.192806626164355,44.657207377921374,245.4820326238178,Maize
33.61785621013517,68.92230924267265,51.19927948839259,267.68616828588847,Maize
31.439995432390155,58.17468342196193,40.761590669810346,239.03814934154758,Maize
32.15972228847397,63.17847883820303,40.812879775104506,255.49304048323737,Maize
27.310747965880715,63.437854871974565,40.59131613263092,226.02714549614348,Maize
32.999160853731894,53.57089324108667,59.582383235556236,259.54569526168166,Maize
25.994413927593452,54.86344381998908,61.66800795566978,413.9241170265714,Maize
33.30219864566992,57.943670592369095,60.042554097119385,251.24607385395524,Maize
27.931477302610134,67.9267163704224,40.39005770532208,221.37713271361702,Maize
27.078862551460272,50.530644077476396,45.443063052693915,345.76039024242306,Maize
29.21424550592498,67.8534342215395,64.52330685215323,285.454337924469,Maize
27.594234334312926,57.59384816334534,57.70884827544423,267.0159102057191,Maize
31.24148907849134,58.18823304382481,56.5614154255594,309.03163228382914,Maize
27.944657595419176,68.96906613924313,62.908173824792826,235.02829394161313,Maize
33.68467975897913,59.74862396499027,66.83656680682274,399.96381398682877,Maize
29.252135044692334,50.44938616640235,48.060320781548384,335.40855366521674,Maize
31.334782198261472,55.157753708664046,44.18068222218472,408.7325591998248,Maize
34.84402180703552,60.51380364605372,45.1503785754491,268.0768316298422,Maize
25.183906765474667,68.28597613120998,43.532532486704234,344.1291188785634,Maize
27.74055220687206,61.08356005031587,59.542611650555926,407.4354509268004,Maize
27.064212717606033,50.21991657316961,44.10656890206422,425.00466046202627,Maize
33.738900775625154,61.94826204340617,58.0155058130096,366.25916863656386,Maize
26.753712786234495,68.28823891849919,52.56311574676219,295.7846320623744,Maize
30.189177052828377,50.939319335501104,44.98850106268238,384.5084041065926,Maize
25.827986679251264,62.06304218932776,47.36047329043963,297.3239035104941,Maize
27.886937367707,57.11345432929898,61.571377155527365,274.28042890579377,Maize
30.66404640296897,59.52100804398199,59.91013496087945,434.2074348311895,Maize
32.3257209721025,54.29880757181513,40.93549405183854,265.56601107495624,Maize
30.95077930700255,51.02851626968501,54.89098741603709,349.2107122292223,Maize
28.34243890816961,65.41824407491644,43.19794759401316,218.7844454339522,Maize
32.28188756203603,59.90982632412397,60.65207189283208,308.70683465093657,Maize
27.46402033239107,66.38204635348399,63.982476369069374,373.6741177136067,Maize
27.721451372299626,61.80461333738174,50.829216908200806,222.89551833165854,Maize
34.17313575462243,52.73637261837923,68.50712061462407,311.50144323948894,Maize
26.851329288386196,60.838018947567164,66.18837507629225,383.05622160239034,Maize
33.0656114786145,63.175667334214346,60.768296935535574,412.2989128913298,Maize
27.49668008859186,59.78849927286281,46.636283254588065,446.91700199916176,Maize
34.440593396866134,50.788536227370116,61.16725517547066,431.3120793539165,Maize
26.805753451273336,61.35890461105259,67.46464892764126,208.4864946464497,Maize
31.9742026724684,55.946980147451015,67.73188586129591,442.7645612913419,Maize
34.44266489113434,59.484284333149276,65.86127952967941,411.1373496337676,Maize
28.191004732432557,66.57830948301356,41.11022904146478,349.0674696205133,Maize
27.30008837287703,52.41133771554558,42.308596048876275,374.07219396953496,Maize
28.398749637680663,64.49533543057522,41.96069022396827,278.82258445765257,Maize
30.394912923753374,65.81446329677927,49.562575087962095,356.47284410925226,Maize
33.85977748236187,62.31726376364609,46.988784242609015,206.1001953891345,Maize
33.7009887390093,50.42538821700774,66.24105018052597,332.23428350680297,Maize
34.39067698512896,65.9756647154733,69.93802331600013,287.67795386292755,Maize
32.67188288931127,58.03861827218484,54.396268609117264,356.8763658045925,Maize
33.736771141863386,69.6816693839859,63.04820241593555,304.44169554183344,Maize
29.213570022770703,64.75164603177782,47.16331437304907,227.61852828284867,Maize
28.546221576407767,55.74477983308164,48.8892436136797,258.4019377624775,Maize
25.42093189636362,50.35747869466827,69.63167169208094,306.9432834339656,Maize
28.843266471596817,63.5929456538614,46.547616635951925,437.49029598755635,Maize
32.86345014415552,51.78822004624519,52.52742327354785,419.7795768905412,Maize
34.4473202229141,59.348030224997395,58.40234167632123,241.7584865230188,Maize
34.911686261369766,54.63343402766887,68.28195322405377,362.4116622480921,Maize
31.07736794878859,60.25377022033017,46.92009435153276,244.13200800137707,Maize
27.204862090701752,53.72876524288509,63.3875342070026,287.5313147916825,Maize
25.578426765633964,69.38205260281623,66.51357654890276,431.9380707988032,Maize
34.94907822646435,53.477904984389745,51.887260567079764,389.55961892602284,Maize
31.960206180537924,53.0779181267971,64.47499374971854,256.11014295916516,Maize
27.23817614822623,60.73948845786827,57.78819804525109,345.02155195945284,Maize
25.914868373977548,67.5492172526076,47.96800127766118,232.37873032070104,Maize
33.88748079868977,69.11302996459507,65.86382851796353,402.3790186812195,Maize
31.55241980639022,61.01714741218279,42.609602797342305,302.11330326767467,Maize
28.72688517012314,55.195075675206525,61.702603410657545,323.9689337696927,Maize
25.81046215907648,54.403664038996226,60.49776290978788,219.03271487257504,Maize
33.51206914048769,59.902930540279485,54.41759731979944,348.1019461648794,Maize
33.24680965925149,56.95618415804386,60.34048457677191,341.43299099894773,Maize
27.670282701694212,67.57259972710315,63.92278064820785,364.61295866460637,Maize
33.50581729094242,67.34588401919605,61.25088930145104,409.253332090918,Maize
31.974714616692836,63.60281543520601,58.55834134645553,388.1791598894103,Maize
26.58605105293074,67.61741518397857,66.15530583235696,207.31182075863978,Maize
33.25816750564763,52.5773973494689,50.053565627774255,385.87706407290193,Maize
26.60759896048308,66.35934048238124,64.96402533873226,326.86693344020904,Maize
25.063858717168337,55.74076266349826,58.507807551272265,445.29654450685587,Maize
31.318135270166685,55.196071621283195,59.02017109298834,334.9963449289639,Maize
32.79845395151143,52.13961277653917,62.83083707506084,335.3166446690276,Maize
34.629920038589944,56.83744332077372,58.97865679401845,433.00702637750436,Maize
26.02509727990679,68.74456974472902,60.636571669024406,216.95926477629297,Maize
28.009635669468164,64.16344177290563,42.02051804406315,345.5426150440683,Maize
28.458830569529567,62.41831035534954,41.37226101437538,417.8842015380941,Maize
34.73488969177397,69.37755710571383,62.48955495228774,232.521560032658,Maize
36.37394793893534,60.61467291147004,50.663706545869914,497.0830657448624,Sugarcane
32.32964785606998,79.26018544519482,70.49886129819515,533.7708119130245,Sugarcane
29.104399994224988,84.92811250394277,62.78543906707919,535.4161072989026,Sugarcane
27.454357317875036,79.87023871874823,70.81046677344466,466.2308838366281,Sugarcane
26.23571568423764,77.01248255186783,69.63533642843406,481.97785809946276,Sugarcane
39.26295343375615,63.776447294522505,62.97004403127806,683.0847760502797,Sugarcane
31.295909753891834,75.96314869160214,61.92783193888383,482.264560704601,Sugarcane
39.75966471939742,70.23335015787607,76.82297611037403,468.98638176732584,Sugarcane
28.19657056037625,60.77835207211278,69.55000476127655,510.5579031171284,Sugarcane
37.965373747594555,71.83024766728893,79.04580283744166,455.65765471093636,Sugarcane
38.02934751933416,79.41492131979354,73.12765533932156,653.4349684350664,Sugarcane
36.41535986414498,75.65550804078538,53.93734633047163,409.7578538473756,Sugarcane
38.8127177172353,75.41625786301844,73.89611872928529,544.456705453765,Sugarcane
26.759622834435916,63.12964480506376,70.56695861686914,529.0917684698388,Sugarcane
28.00787090050505,72.28986366853593,51.92626811225402,574.5914205743196,Sugarcane
29.034901066526466,79.93897751592971,59.31085876770722,536.5660447245403,Sugarcane
25.17430809862151,61.81117219486397,61.77480669220054,543.981650415137,Sugarcane
34.00030822178955,67.29156446773258,70.84945658379627,658.0367191567614,Sugarcane
36.69776483340025,60.99047063370893,64.41520841773487,431.47905352545246,Sugarcane
28.63067523793791,84.66656483167867,54.2748662870454,549.6664460354068,Sugarcane
34.27233601477179,77.5616242636026,66.78946050460742,402.9312542257551,Sugarcane
29.896919623659876,72.94279108461778,52.635994974345,505.18807936275425,Sugarcane
25.498046631870498,61.96446242887552,61.90769828604788,439.8147262129181,Sugarcane
33.51311272392337,77.23662422843165,74.0176009732725,460.04507327344305,Sugarcane
27.512238733886047,62.614196008360004,69.0929074863091,611.9427179460704,Sugarcane
25.47379217238463,83.40530615609225,51.55913850954417,562.3889005903211,Sugarcane
35.63590779176374,81.77422809365214,71.42260796397284,640.5184249209376,Sugarcane
30.09175288814209,80.3706278436628,52.40344539154025,668.4449968181583,Sugarcane
33.213885642306046,80.43244424906234,63.569548535549,593.0733085589575,Sugarcane
32.8960399140417,78.28973804388329,52.44889946091769,418.10562519716916,Sugarcane
28.706548510152196,63.988617002829706,76.15350699776604,465.7641962074133,Sugarcane
39.637978837286965,68.42239479427766,55.46353747066098,636.9095521427437,Sugarcane
34.88061663251314,72.45489291132847,66.66090652812893,615.7605334816792,Sugarcane
28.426821119969482,84.90834790141855,79.2437948644035,595.0977059040811,Sugarcane
27.993136763937176,77.00570606078229,52.165952269375275,409.19575066174184,Sugarcane
28.865243327668203,71.56557391848291,76.04817516225141,618.1507209298924,Sugarcane
36.14059781799972,70.63733336120188,60.378049776408886,511.3116288953808,Sugarcane
39.814743456040866,61.00272978531206,76.01094488367346,573.602622571718,Sugarcane
31.579231287843857,78.13144151037841,64.60006824274109,662.0269714244982,Sugarcane
38.51052796016888,70.54302317183638,58.304833917051546,577.7050985780087,Sugarcane
38.685450184250364,65.26655472514166,68.68899750690449,589.4680660277561,Sugarcane
35.996695336229216,63.2891921281815,71.47474894046266,672.7097561996923,Sugarcane
27.695246633053628,65.93858312309695,79.14185282124919,454.2930858128469,Sugarcane
37.81577640054368,72.30694641120087,57.41693223209531,661.2249703817533,Sugarcane
31.679578825039982,72.87043384824226,60.77700108199297,577.8852554304782,Sugarcane
27.452858088775344,69.77703841629402,79.08236967005863,477.4400298103383,Sugarcane
34.85104996811938,68.12975160561737,73.20419377059802,439.2620982155049,Sugarcane
39.54731567617817,71.34473853459099,57.081513900393915,422.0490241990038,Sugarcane
27.54636857631311,72.99434871390044,60.11009529293859,648.6650097647828,Sugarcane
31.46331285492709,66.21785681469075,68.5143495981209,612.0331650656337,Sugarcane
27.505628618514248,64.19048040720794,51.10014280800629,620.9206045196921,Sugarcane
34.95706791432708,71.86577189374535,75.32511346907592,641.7010458850159,Sugarcane
33.78031546595128,81.70678201283147,56.17523630110305,433.5758858193184,Sugarcane
29.046244172754843,61.42717140223287,65.93508584003096,680.9817076884884,Sugarcane
25.590153110027643,63.05274785025067,63.565970848503056,680.1625052583715,Sugarcane
29.742341574651256,72.68087021720982,51.24718577151177,444.50296028862664,Sugarcane
39.7994518443827,84.12796741090114,50.148199428032285,685.5435356269717,Sugarcane
34.586799067232505,81.69795736300055,63.64219566901578,554.6788085737751,Sugarcane
32.3326987038538,76.67160643865262,54.18953764268939,408.9920769618034,Sugarcane
29.618949123867864,77.61701906841617,56.05560356368845,602.0297299974752,Sugarcane
39.54868069160906,62.34751789473546,70.17806354675379,533.1250657913713,Sugarcane
38.022133815662585,64.42874473618465,70.77877856678494,651.4345868944331,Sugarcane
39.16921329211035,77.08120070724115,64.91524292025282,585.3541720603641,Sugarcane
38.033574767180774,74.26524366597074,50.911611790905106,679.2846086520933,Sugarcane
35.342901265473415,76.91283464443117,56.47025457193151,597.6656410697972,Sugarcane
30.90796608481238,76.2808244260373,53.19779090923972,597.3535913809108,Sugarcane
39.991205886559996,61.2053009715139,79.31522552663952,522.0723882168612,Sugarcane
38.061301755058885,79.55963710145684,67.01048782960004,621.5347627753979,Sugarcane
38.177733419520216,70.10350804127583,59.81099484689716,600.2780156690754,Sugarcane
37.11768912911888,79.0571283694154,73.93440946575903,530.6749944438799,Sugarcane
37.26751324262533,63.005226384265214,66.33467293882549,401.72759814943646,Sugarcane
29.868787448504055,69.16153837178494,61.88518074827766,608.6401620069587,Sugarcane
30.828371519055185,71.21734056556326,57.12632392622982,511.97553748880205,Sugarcane
28.409044408947274,61.82989809421109,68.10345780144134,600.4638395665049,Sugarcane
34.29235519014422,71.58735109501431,61.3935734053769,659.0000948715476,Sugarcane
32.78622677704327,71.97954694074328,50.76926197419307,502.3743482878469,Sugarcane
30.702934281787854,69.97056952242251,67.40517107681997,560.0807640180635,Sugarcane
34.11857639190167,79.1220815385532,74.3895721614828,615.4369228679483,Sugarcane
39.33285543932402,60.45581456690904,55.87333957050638,402.2688624934426,Sugarcane
34.71212071231905,82.45076372374967,57.30446889728898,678.110363438892,Sugarcane
25.90401085434341,83.36090067013785,60.548680617189035,430.42624853476497,Sugarcane
32.28807638779489,66.4194141930127,58.54618705885768,492.18698947788596,Sugarcane
37.04538846748995,73.47903191688137,59.339230974680106,583.1001349932756,Sugarcane
35.7422601133479,66.81560001833834,62.40647304576055,436.56582800108424,Sugarcane
27.717240243020203,77.02794634912456,55.44315043086881,557.549015100118,Sugarcane
35.63569392583649,62.6719230773686,67.01936658886711,476.96883511040915,Sugarcane
39.4439031285637,72.08864116799812,74.17977649325474,565.0679626468785,Sugarcane
25.651187992822287,75.82878438985055,78.54210026619971,580.4835460438994,Sugarcane
37.287832891401855,82.1051615837102,56.84239315846797,463.613451972468,Sugarcane
34.16471483276487,70.27571174516761,75.19583908600161,670.0069370194033,Sugarcane
30.301320689540773,65.92176397436205,73.41576545731586,482.4418106644408,Sugarcane
37.33921477770517,70.59345634121907,70.02649697874412,428.66059415040047,Sugarcane
34.3578898701486,71.29419196843072,67.59825389526422,450.404262323459,Sugarcane
36.053106174162735,81.56992693858072,56.50219400272327,428.7143666560485,Sugarcane
25.354578790695047,76.04928751108164,68.21282108266342,564.0092238142211,Sugarcane
28.47920644173963,69.77264989763786,67.8342900555852,549.0300576577508,Sugarcane
39.81678280322331,63.41099381391833,70.85433662142782,521.2956304312877,Sugarcane
31.42299422388422,77.9399441414544,70.77308453973109,697.3767981106564,Sugarcane
26.92591434181188,62.60274123460416,71.73016451386223,573.5160751019228,Sugarcane
29.112409998397087,61.985484224724665,52.56974748789292,668.2572623992355,Sugarcane
23.918673247187428,56.46743124231041,34.53312804453976,338.7490764579843,Cotton
22.694238427460935,60.38119581816541,31.3522512718443,450.08912695559036,Cotton
24.33712081910433,60.800238292090214,47.60158175122916,412.71934226179854,Cotton
27.329577865513354,56.48667506230751,36.66003826116396,417.37173879954753,Cotton
31.941393612211677,63.236783796987574,41.1556683474005,432.66262755981154,Cotton
26.65205612283718,51.2028468520157,41.2459363175582,489.40632112634506,Cotton
23.753029423576596,63.80009781641331,34.01867377318113,383.9569211182703,Cotton
22.966764496467196,59.0074187251637,45.12326657790492,336.8928810597455,Cotton
28.64911724487218,65.90899921579458,48.54355638958906,308.6605204638634,Cotton
25.993159158093082,53.04832026660835,49.84967004316751,481.7502419810738,Cotton
27.399571302805597,66.84066588752842,40.41915954544084,405.89642200068994,Cotton
22.891244321160165,65.10540840993616,32.5542696727047,456.5169075631321,Cotton
29.82028087670386,64.17489395485953,30.723207610495244,325.78208898633216,Cotton
24.63112569910843,57.202728149430385,31.752854935276773,484.23945575776565,Cotton
27.538022407123762,56.11048621316047,37.93963034148567,361.80063512620893,Cotton
28.005943333606172,60.313588553929954,48.38783946428835,374.24087072645756,Cotton
31.921580148233126,67.02849915490191,34.170210287146716,482.64880366097907,Cotton
23.16366397885476,66.34899416982384,37.612465869531604,469.4935801112674,Cotton
30.680566901074503,66.11850800235243,45.80060872614123,326.16978477451016,Cotton
22.809192830512522,58.05960357530323,33.47049029973017,423.73777222561546,Cotton
25.460997265377856,69.5122040171983,42.81944154690664,455.6201409085902,Cotton
23.325246727418484,67.24028964545245,48.455143810267884,371.765479704734,Cotton
28.062529377509776,65.2961960180599,33.49677254520825,375.6415191158606,Cotton
25.98663027772313,52.92747984324498,37.35068844583063,267.04307734637337,Cotton
22.25811906949487,52.70332578309645,49.26230223178348,387.38238397375426,Cotton
31.6582216115322,58.64995756660264,36.23632266170519,376.53546571006103,Cotton
26.395116886329102,52.11329368523488,42.816526293804124,304.0095456273999,Cotton
28.195879548978297,63.00402184796307,33.04049706257296,265.337406777667,Cotton
29.8076158606844,59.19600847538641,31.163275910109515,498.7165792924418,Cotton
22.577805609963665,63.90070457717106,49.67357850526827,309.7950260539814,Cotton
23.422493686871963,52.42769878844858,36.06550295135191,275.2614527526617,Cotton
28.92161341694132,51.245835962601255,40.188442562995796,499.1742134632442,Cotton
30.139702695060187,62.304388764620214,36.125072415732234,405.9739590729096,Cotton
27.270414639116517,58.52166767780743,32.61420753480399,471.65105381011665,Cotton
26.497846488213227,53.8924502364153,37.355187017545795,353.53243813223173,Cotton
30.275378955668742,64.67228761122804,45.386097872826795,252.7578161071618,Cotton
26.161539981797617,59.62688303270647,30.383845536461134,314.95330218625855,Cotton
29.60289823122135,52.74219411457998,40.70620262905183,303.8004680043094,Cotton
22.121207746438934,54.82402915199083,49.517475098201075,450.3842779707474,Cotton
31.595766443210334,59.75708087852725,32.19472397355007,386.98987224342324,Cotton
26.54377334559961,66.88714165479232,31.961651615684893,372.06028425544457,Cotton
23.50048664693984,56.4935185378012,44.747141547755994,369.0045323421916,Cotton
25.75888285145769,57.8895255714007,39.18893536811973,446.2541359592642,Cotton
30.920846889402345,69.10669373007856,45.7380677251059,328.85172393700316,Cotton
28.881347060865423,58.75206248110784,35.09341244092102,460.21789485648065,Cotton
22.38426348962325,68.03523984270848,39.22954929249468,409.3003692020701,Cotton
28.593539222057828,67.90235481413073,42.733393643344144,403.48339619001547,Cotton
22.6665204056069,60.368160438904084,33.003380016340834,434.3584421803714,Cotton
27.122219208126744,63.604555584167066,30.833458012047686,271.1980040114508,Cotton
29.163233880626823,51.44168671997347,31.42513455530517,253.02711880872187,Cotton
31.5650139829948,64.75016718918013,37.06502817004128,324.1338953219138,Cotton
25.497032297458496,65.49307062362364,43.22741222140829,296.29889196686696,Cotton
23.741093353340844,51.96791299426795,43.206054394026765,441.093165555434,Cotton
24.65046428325004,50.41889922061826,31.643433349528546,491.9650087112576,Cotton
24.954447774774202,65.38446295676268,42.49327137708528,345.484909913224,Cotton
24.056872621955552,52.42772836318813,42.30025936077733,443.65844515944696,Cotton
28.439042535411307,60.606042664983164,30.839024468632726,492.122194398596,Cotton
29.987141916545745,55.856440734019294,49.599406587177015,400.47039740908053,Cotton
27.824226582072463,64.96146358859065,46.23539576180275,414.11965183287566,Cotton
23.280957463662,56.765350119889966,48.561672806520995,306.15390296096297,Cotton
25.721670238375133,58.64153765888392,38.788099793889046,403.23489562363136,Cotton
31.430758377447077,54.8138542366501,32.430027526018364,299.3676224649843,Cotton
30.869249002092694,62.916216253104125,35.7181357847832,453.98673474215434,Cotton
30.61369996363436,66.93028677380556,48.378530672791086,313.0602550433404,Cotton
29.550419287462784,59.2107899454828,46.83997105780123,432.12266929040334,Cotton
29.764474464997246,63.12323675362143,33.54857538939414,386.25672972423456,Cotton
31.84669739524508,68.74776132994238,30.863474715940235,291.2037039323593,Cotton
23.31728773454562,64.51959819970591,46.355706597138905,303.377841577668,Cotton
27.05852692951829,66.814060560224,44.65603089532501,385.55930137296207,Cotton
27.903476904587727,60.167210938325596,35.95096902637641,391.255498214754,Cotton
28.888853020500907,67.46645831721615,42.72582707958496,440.2803842607895,Cotton
23.60071634954573,59.2311494883958,30.186632396541867,311.66971613040573,Cotton
29.264617151130047,69.83619902698727,31.983561991744317,350.37357896532205,Cotton
30.000709686991595,54.080712692577976,41.101698986045726,433.2678240074187,Cotton
28.15985450260179,53.76049469230832,37.107691373714786,445.94794612134933,Cotton
27.542265141320165,50.104592270858255,45.219815200561875,258.82783873505974,Cotton
29.457337827312323,54.04961120330475,49.161469602387605,341.9851878255211,Cotton
25.26931616338079,52.97776100664889,36.112084309804295,469.16269045705013,Cotton
31.963343376272473,57.36619061013697,38.972212619090854,430.5177345506843,Cotton
30.861957804650743,61.860886683735686,37.830513963556584,353.15546021215596,Cotton
28.95618146496807,50.064365272085574,42.39178674919681,338.87325261033936,Cotton
29.94197331277084,51.85981279646264,41.76404533896781,370.24322247153094,Cotton
28.423255259052276,51.297071889659364,41.599675748562625,390.3711469898809,Cotton
27.60660094416171,62.06975333192909,43.529358744527244,451.2472499201924,Cotton
24.698207201282145,66.50098820360124,39.96511364526907,269.2645697835828,Cotton
22.58550929243979,56.684766373921214,45.69793954222935,426.92023368522894,Cotton
29.886149646724064,60.34538112883219,38.80397995910981,286.863131676571,Cotton
25.281927536093114,58.680387323477504,31.772008593592346,305.1529881778028,Cotton
27.982252940637387,64.7132622847838,49.966950227858995,483.2783328358894,Cotton
28.425651995351913,58.42496106588144,42.72354729416465,446.41290452005796,Cotton
23.183361909233874,58.19809779392577,46.79604571271234,345.95823798326103,Cotton
27.718722712271866,61.755387217243964,33.689525062672786,340.5588604130721,Cotton
25.345112887419322,50.5239341706413,30.483835277827104,457.92426091894333,Cotton
24.730708099728126,60.36157532477631,35.97451147177546,485.16981127883514,Cotton
24.592967588657736,58.5931362547787,47.45460500969204,460.48339169795213,Cotton
23.861014178462774,66.0528661959142,39.16373773475785,370.7422180213388,Cotton
23.33479972415944,51.612030275142494,44.5587861394753,374.11528808882497,Cotton
26.368507026151796,64.59016457304793,45.3102579798222,289.7270419173384,Cotton
28.10225149477641,52.707081645553714,45.027501720580915,414.2387890667849,Cotton
31.56614621083458,51.379160327128425,31.141094423025088,320.54676867330005,Cotton
22.61705683735906,52.46978799072,53.12509161042073,199.90923996990122,Groundnut
22.71949726128631,57.59398262417964,43.9947968490108,305.34211139103627,Groundnut
20.653661575643852,54.87571193673384,35.672272003665654,162.53064069107091,Groundnut
29.06437453344411,51.39245371117595,45.64841364550434,232.2191205201413,Groundnut
23.473433262588426,58.99833345687273,35.43646793550979,282.7579372351178,Groundnut
29.633944342135504,55.60168183461842,53.73644924066184,160.45157585720474,Groundnut
24.187933190741614,52.60157790962051,49.61641929961459,346.25941809944936,Groundnut
22.56530062444248,56.541746014740745,38.9619526551948,263.066050914322,Groundnut
24.639324866883364,59.72005329631537,47.170545453929336,219.90127441736377,Groundnut
21.140957848879335,51.51246828734934,39.5063385990247,200.1933322680596,Groundnut
28.50616057841138,55.61222788282525,45.46781822748733,172.9537743738435,Groundnut
28.60139693349435,57.22814303208484,36.35336723800003,291.56701944595375,Groundnut
25.43538217342646,50.817253457467785,44.16601283057313,246.9392574260094,Groundnut
21.65774540163276,59.45698147000282,51.99950742961324,283.80446746582163,Groundnut
24.622955610006073,54.117655415845086,48.01946934301908,259.08637388138106,Groundnut
20.622731058818857,55.125026487703316,51.128072344656786,241.8479755193916,Groundnut
20.519565775542684,57.86278199384033,39.02727564271949,201.72416697760775,Groundnut
21.64706353432296,53.30215064871498,50.1350301137727,253.87717190078746,Groundnut
22.048812741507128,58.77830078152041,52.591637099030585,324.11568500920134,Groundnut
22.38796211381539,54.51239344180988,54.6997931228175,304.40249526199807,Groundnut
20.271674212255597,50.65204591260492,44.27862753624666,331.844041172312,Groundnut
25.387017979527144,54.978125080342906,37.10947399913261,281.3560209448588,Groundnut
28.221031606002256,53.80420007507562,50.51223701850655,342.89533078016234,Groundnut
22.03766459127689,55.23329631194741,40.74275916169151,308.5708838067679,Groundnut
25.775933658811574,56.34582417550304,50.95828319231788,229.19409453249096,Groundnut
29.150900684070432,55.3302886724614,38.15909645670696,289.1798236337605,Groundnut
27.932613504382545,53.16761677067527,52.14358513997506,331.2286509531533,Groundnut
22.76904487377809,59.83521472715222,37.81423056097517,190.403133680498,Groundnut
21.842248392380263,58.9398971000787,48.085851046499236,180.42085664445457,Groundnut
24.40323418368349,56.15298025069802,36.66928169978767,326.4832736814677,Groundnut
28.036035354415354,55.052067735766386,54.34253230518341,233.55219585501993,Groundnut
29.841103190364976,56.679199988036274,47.69342546507883,183.190979059157,Groundnut
28.81927758304644,54.27489687920615,38.24466811564959,152.52150399515182,Groundnut
25.597556836383824,55.27399622122677,49.387072447383176,328.05161060356045,Groundnut
20.794065846430296,57.31496490340362,38.74823888195164,321.6354106314328,Groundnut
28.19063513861656,55.40793754985545,49.204855972466234,212.8700226367497,Groundnut
24.711678989328146,58.216368977104715,44.18530394346428,221.55965306508836,Groundnut
24.942124472503,58.28249252437219,41.704160947417456,184.75231862714875,Groundnut
27.120140203307805,58.25978212708082,37.01274957047067,197.97482255118894,Groundnut
21.419719897609937,53.47941411582167,44.007019578108256,299.76526739266126,Groundnut
26.51147584881674,56.20928567478431,42.047498932193086,318.289510616952,Groundnut
24.712871673981645,59.79104938015155,47.682842765914735,175.25294831290054,Groundnut
26.761775620754342,53.25104015431699,48.72654393372195,163.92822963248113,Groundnut
21.748814371759593,58.55737258905786,39.5435911404703,317.408225048588,Groundnut
22.792760884544105,56.42881910058708,48.88301147019662,252.5309506290106,Groundnut
23.053106766967314,52.12644376371096,35.66378709124852,210.78928024814476,Groundnut
26.53162790531283,59.38304818448483,52.42408964526104,303.2129553070605,Groundnut
27.884473432532985,56.64984903475995,40.20573715132006,331.439006141166,Groundnut
26.70732311905834,55.6044063098044,37.219789384269625,239.41110876128508,Groundnut
24.60358271201926,58.6456360952267,45.93296440375577,226.08010979408192,Groundnut
29.768003285106595,51.10720593326316,43.45096856623889,158.40493503428107,Groundnut
27.399041207669303,59.1807655219915,40.60074659100979,321.66833535982414,Groundnut
22.92218230461898,59.10770161643915,50.07923807193568,310.9813553682877,Groundnut
20.180065556004546,59.62810357074026,49.53341984140646,210.95021907722668,Groundnut
28.29394664858847,52.8152119841493,52.455076791322554,172.5160780823874,Groundnut
27.036859774607958,55.4069847664491,36.930689403908815,198.3787656517678,Groundnut
20.124040362773147,54.68767965464506,41.02530521520001,269.6714968595518,Groundnut
22.972378077086173,52.99919111506985,49.86386397463207,159.62856719567068,Groundnut
29.02894995191987,58.52263874391181,48.35609366452813,268.6443140214769,Groundnut
28.923024981396523,51.853301795287145,36.57938324381657,197.9020339819076,Groundnut
27.945782787001903,50.346702667264836,46.656136701669794,349.087503238262,Groundnut
28.556960938375394,55.2144568904359,36.272818185732845,316.274702877142,Groundnut
25.989785081772105,51.149329970595666,36.877145696467124,331.92536388731844,Groundnut
26.692002629380784,58.292867993167555,52.579578005645345,264.35447040966443,Groundnut
25.174463517550414,54.304274103209906,41.33893175582239,236.91919217174234,Groundnut
27.738796557301562,56.01923431015132,52.85046579909692,238.67600287583753,Groundnut
26.07089578718754,56.31307553091989,46.83394324612651,290.5267546171033,Groundnut
22.374334683748064,55.12363777545791,37.084496056166955,226.90226552896252,Groundnut
24.876670686212645,56.52224259545473,54.01062105172407,270.13021330967115,Groundnut
27.435939161765596,55.06266059495203,47.68208062752663,164.18644322675468,Groundnut
22.54391580841847,53.618530932051385,44.44986710013027,159.12974910047674,Groundnut
21.400240975533176,52.76814307791306,54.430653818021014,216.26940142061017,Groundnut
24.820410581120825,51.96097712738393,47.215601421515366,206.13664310319487,Groundnut
22.069925784384267,55.165726284459794,35.110115983208416,151.53280652984506,Groundnut
22.19068809101858,50.36721362500821,37.16051508261383,217.77212986775032,Groundnut
28.025856795798127,55.72048643369301,45.25335451912833,208.69776464162433,Groundnut
29.317537194328164,53.970150412371915,36.74185533591543,273.41330322356026,Groundnut
21.138383934766015,53.45223142801692,45.14823877435617,324.84450493703514,Groundnut
24.935465803401186,57.022587660316645,54.856336779981405,176.29782397959633,Groundnut
22.747315255195197,53.945760755976465,43.43656357077663,232.20421505310915,Groundnut
29.076110025565548,57.14032644466857,47.158104281814076,211.87454357255643,Groundnut
28.237903842212948,59.55060511484989,51.42396565100453,150.31302103829458,Groundnut
26.364013701834068,50.51135381442101,40.15214440667444,161.90494006955433,Groundnut
26.037954529493877,56.86589913492607,37.289752761318105,226.76777660899592,Groundnut
24.56236508955542,53.690530217609165,37.42050000970386,233.78955803749508,Groundnut
27.51178047808418,50.710076645332556,36.603600281638066,220.95425836719684,Groundnut
29.41725711618925,56.68572646722914,48.5733991334513,222.383998167573,Groundnut
25.936607912085385,50.10131184027743,47.72192092819084,332.65738951524736,Groundnut
26.125734683448194,58.73698593466345,49.479461109321875,174.11168328073805,Groundnut
29.024533072858418,50.66443844355775,45.67934945095527,178.42742475869153,Groundnut
20.11706610730904,54.22034260127639,40.900814153083125,247.20009875952059,Groundnut
25.77199886734551,50.43739072308947,37.46006590247491,261.7284792900851,Groundnut
23.43167353172658,57.291734875494484,48.04583297183879,319.12087259798136,Groundnut
26.924928266692252,54.29931077390148,48.45933244788865,205.0762348510837,Groundnut
23.063134987782128,57.88985159920793,43.92839032803164,309.6760681036705,Groundnut
28.224223736682784,58.57562337661284,53.332704716824146,236.19704410265925,Groundnut
23.188668183211387,55.821987465941135,42.423448468752554,270.2148333600466,Groundnut
27.055858626438244,56.88405018492137,42.491057740402425,183.37204033975055,Groundnut
24.305293384622075,51.42594144081909,52.801940703676166,219.17549214757148,Groundnut
21.54459747223324,50.25447759905751,47.91644772572968,277.3804634909486,Groundnut
29.42785416555679,31.43423777695302,28.19257789790464,162.2434990126787,Millet
33.802568316555124,42.11558498905381,27.2918745639508,143.57851085099801,Millet
37.84446756002269,39.0800324239223,33.76548471560474,128.11059351567215,Millet
31.312666095572173,30.55073439738931,30.109102358209,292.80348142354046,Millet
29.994687268815404,30.779920251498233,20.61911581838687,177.5973519893739,Millet
27.080324174021523,30.467041926563716,35.124272279003534,191.70460177637813,Millet
28.760182035644508,48.00166366032961,22.322779204010512,291.1837657910638,Millet
29.08156732590559,47.768073446173624,32.05885752958923,265.34147194829745,Millet
37.79217112173603,35.768108756374914,39.22270970815186,177.8963789804841,Millet
30.01165476157999,36.80774208509011,30.8281521469517,130.82900863569742,Millet
32.198249309654145,40.83409624820008,35.2380362520974,266.7299923875171,Millet
30.725737554061514,36.04666498702987,25.186697946341887,138.92476734097437,Millet
25.749418568587323,36.84895957669427,25.404953842615665,293.2834771732815,Millet
32.25021474125057,36.94554078061015,31.60935201987392,127.8393402691391,Millet
30.77256873962864,42.524686428421276,29.77795663584903,180.35576013086484,Millet
37.92002905569608,47.60629524297854,32.4681191631888,213.87547223645657,Millet
33.06858623771959,34.02624215644867,27.902754865286372,107.89190657817986,Millet
31.182098487328748,40.86049167915326,24.554994722064194,292.80576943310274,Millet
36.82290994218415,44.44286470911812,30.66773257530725,273.993831929537,Millet
26.698480469705018,45.8101958854977,22.496416279336966,258.8421325098811,Millet
28.58497838726764,47.541811620363774,38.88084187650796,129.75919388102312,Millet
31.014782865850115,49.6197475632537,29.668148719462934,272.709504502909,Millet
32.65350978770716,37.50659815839204,25.715671110517405,140.64461821721744,Millet
34.903376487910066,37.730810136460555,30.225509244015022,198.46509600023637,Millet
32.504627380030705,47.31154291249105,39.614786871668585,181.5168417147634,Millet
35.75774598738194,45.29055589309435,31.470579029111466,291.20942872238663,Millet
27.606168701869237,32.18528420619243,37.07923933910844,187.82996332674966,Millet
36.01059510469179,47.8618041039083,21.24915187238143,276.6929525972121,Millet
30.828147719802487,40.20864978008464,32.531850221864204,285.2765213460174,Millet
25.248509227586933,39.53686936635634,33.75444084861121,244.5413915396457,Millet
34.0029216099824,32.688702588162435,25.987911767433623,171.7431050834027,Millet
35.45768369983357,35.575197448291064,24.21409927734406,291.48960380761923,Millet
25.115222706475095,49.95641711363956,33.536425977147914,265.69385988982344,Millet
28.83005215250051,30.2863055533412,34.7573903712306,266.8289194001352,Millet
34.626189715395746,32.857005746016775,35.06855844513938,253.7845564215282,Millet
33.56102670371071,45.32231865591172,36.91842879355464,222.7208228474917,Millet
26.15186128160583,39.75255619334422,21.5529866934321,181.50860620648615,Millet
30.292384358633157,31.320196882804833,26.976410679389588,122.19961975826297,Millet
35.50705773011989,48.95376051928942,21.446329505158772,291.0230414583403,Millet
31.793495791377687,35.991313559077476,21.53724150552327,200.12485361408358,Millet
35.328702078379735,44.14172954533396,21.004520229279475,114.5803670735807,Millet
30.237352674224283,35.90580988095886,24.647686461120955,156.20089978174272,Millet
35.4452756628595,48.58456107263708,28.10205389055133,281.2222004264994,Millet
29.179444116222466,39.528739726875834,24.520579956319995,228.0952084351688,Millet
37.726754497272516,42.069861920867574,27.15628168227098,229.56348919810569,Millet
26.59796882005004,47.77318160530797,30.061679015596727,189.8699484079284,Millet
32.61624224989575,42.49567725578805,21.43551612453026,236.5234442446805,Millet
28.145111844101883,44.279052650131796,36.450695887683935,260.791701510504,Millet
32.18251257630256,40.40339784621502,22.857519226788234,255.0692300806271,Millet
28.528321945807285,39.933908456358935,25.685481858550332,126.76567259993863,Millet
33.18425005959257,31.086640696458076,34.972904682524,163.51735905222333,Millet
25.00175100905831,40.222582784744596,20.937038170552064,155.2339115641799,Millet
34.19069433692431,31.25379243243732,36.78676984712005,100.76398453171662,Millet
28.20871029962473,44.81808112304143,26.325402994586135,120.3784776132027,Millet
29.683040944405562,35.40786572769051,36.8542380432111,162.66958351702863,Millet
35.2561221330881,47.8374428962147,28.67634839153059,281.9886287708784,Millet
29.905134701521508,49.28156832980216,21.78579049051146,237.40385330064854,Millet
31.419582525940072,37.75297610911294,32.654237574972015,240.77141832686624,Millet
25.05672250545402,33.33906177494397,34.260921012686374,233.27708271564128,Millet
37.55861756667281,45.220755805015656,39.01545415462676,240.50810030696138,Millet
28.87467871231276,32.10729844501713,35.63647726689871,228.8298442951832,Millet
25.626418161112852,37.201009318019565,39.13599630968572,200.08022914204025,Millet
30.62547876825616,39.15399210318588,24.177654480103275,173.74143417295903,Millet
29.807572327833295,31.047100403749447,35.351352570358365,183.3008863807758,Millet
35.6883385286135,47.006960022397905,24.23988109397316,231.4706964340257,Millet
31.13966345411876,47.603134758429704,24.31481358352908,235.56264006200885,Millet
32.9007775892854,35.90602955143665,22.732018073023454,230.32795209545532,Millet
34.6017669557203,36.312546875267,32.89665208044627,179.02618152230065,Millet
34.271689482674034,33.98430549788106,37.80430005272349,157.48191929311594,Millet
29.78121784082999,31.161839041606996,22.230244246425528,203.17238054246562,Millet
28.478704797463628,46.70960451484389,20.293867773099077,175.81880973438723,Millet
29.385492107998203,30.38655261835202,22.487367980010205,182.72853498372706,Millet
31.407239597816805,38.08579494509738,30.61875356824188,219.0263349811363,Millet
25.129009674661862,39.28190318907008,39.26998481775176,203.80645602590974,Millet
33.80804947696639,36.23727715833766,35.47982756305525,254.584296375223,Millet
31.776848619503806,49.520276465584274,22.511004295253066,103.3895329779162,Millet
35.01205675284225,46.143110747297655,22.404144582411526,153.1165665917212,Millet
25.228180723766176,35.86617221561129,35.46283747837343,203.59210554251578,Millet
29.525242711187744,37.434785898126606,20.027072514309364,159.96010551304718,Millet
33.403963641293096,49.48388887632714,36.94121653967799,104.71899292910582,Millet
36.68128786077291,45.66396826597252,35.60752247141961,191.5991518007143,Millet
30.174068808408535,36.058314576663854,21.313897179087316,145.6470726987398,Millet
28.20584725471432,39.68154139420403,34.94888813193388,194.7619656795893,Millet
25.751977842813087,49.15579601976408,38.854486381882246,257.0379086296817,Millet
37.88726272033487,40.889646656005254,39.25536700506412,115.12100812335015,Millet
29.753849727397828,34.507625360135314,23.9166616826854,128.1605897785352,Millet
33.09137734035796,45.6264371149461,31.565967988407213,129.39254191764195,Millet
35.54460900913512,42.71909414327457,27.76331412253991,234.8260591072126,Millet
28.378764730156828,36.90384416988421,38.34971686263981,158.10090113428407,Millet
31.109847486053177,47.80282274792029,34.15442700535055,112.44064523294055,Millet
26.914939575626615,30.156831815438338,32.61843580458327,189.53468508208368,Millet
26.745573061729583,49.15868242113541,30.593194478912398,148.37865882257785,Millet
31.5078464250112,43.59240665470216,21.52478435947129,154.9407630095784,Millet
35.49055138149192,39.193297408053226,30.931542840645896,186.56320044189385,Millet
25.570699254359067,33.31499559640312,28.910832774837818,141.83709308158558,Millet
25.649727372575825,46.87299328103647,39.62385058328232,258.6285747993479,Millet
36.099203982160674,34.839542606340906,39.212539510263994,139.38514089068568,Millet
37.36858753470382,49.89638587931902,34.234456114920974,296.2287463583644,Millet
32.404017134372346,35.19083566352181,28.739917713312416,218.71218707575719,Millet
25.950060306351194,42.446865292344924,39.62355673524589,138.02152995674552,Millet
22.925951162883834,53.157975875592385,48.874031856404414,244.02034066081708,Barley
20.21459638721472,54.54615815983007,45.146204142688774,124.25071543554428,Barley
19.7690010646797,49.36662350744008,34.94680631638167,196.0922775323331,Barley
21.666004790466193,38.25399487617132,41.30170624905513,215.74403664679116,Barley
19.98895664535942,35.24206233552215,30.180769381585844,153.55440159550182,Barley
24.26194068431782,39.573535592072176,42.687273777433745,133.3113806039981,Barley
18.216699896595486,51.96084179202968,44.577228845398935,114.3098915969816,Barley
19.287020209864338,35.58339527290529,39.61780293206018,199.3651017551602,Barley
16.185026235981514,40.777698778183314,37.95673251004314,237.92965369840746,Barley
24.932550154229638,35.89822597991232,45.220158469907844,155.7586099603515,Barley
18.9245818622948,50.085299466940455,48.368528642908174,242.63928917538226,Barley
20.771225860383208,42.142423186010056,45.750981717175584,137.65020748934504,Barley
20.640740288335177,42.17156923049746,43.132621474157524,136.05983693402604,Barley
16.91592945734826,53.36478173350874,32.03607365899074,175.89368616023975,Barley
17.20852782963009,35.778599266513346,30.72037636582853,126.2832658158741,Barley
23.66770354506,40.64957487954053,49.009183411505916,187.24334394837905,Barley
19.366141897687662,46.60177669338909,40.33396770452536,213.81643806359875,Barley
17.82496065972852,42.06100783200605,47.88188605066502,241.9684769725608,Barley
23.925582274864745,43.38895987914627,45.607310060137635,171.45035999516483,Barley
19.975398521461024,39.09360218114568,41.82260606517033,127.92038466300218,Barley
18.315646990671937,52.10060403239871,34.1415161842171,110.67374277601492,Barley
15.690075926128163,53.81569041006216,40.1384087592367,161.41181077255274,Barley
23.108785810079183,51.716518558210325,36.643820662312095,204.04270862106927,Barley
22.711228158518864,48.09301373731909,33.031901496001986,231.38246252755854,Barley
20.39094552736009,40.649448527400075,38.50456370875388,105.6356635598361,Barley
16.278668012224177,50.310935010317216,30.00023269510732,162.48487427234383,Barley
20.225101810855882,36.09268840001945,49.461563259446656,133.9187996874508,Barley
18.041987196362808,41.07885024510055,34.608333242347,100.22107331294671,Barley
22.293447940879965,54.33690999598571,34.4858696657009,199.45707877051336,Barley
22.418963269587152,51.9685075818105,38.452583940272184,145.4396358460644,Barley
18.25295134023031,49.252426661970254,46.335589330112725,127.2420951634904,Barley
18.70941008157765,53.038803934983,46.13387039389478,247.72876041437138,Barley
22.542482596820808,42.863904020558444,41.81275667989276,199.15213813709806,Barley
15.784558163171239,45.8899391820773,44.18641656945219,125.09819560015906,Barley
22.80631717425557,46.675455610282235,49.04443571395189,106.36334473103375,Barley
17.65326137555467,47.031077585996485,35.93119824411861,207.16362461068633,Barley
22.59005282521931,37.050319281329486,40.27708928413536,176.3335833386584,Barley
18.69280770215541,53.65849725139344,46.550126397464425,204.5814072864455,Barley
22.143266357349976,44.23432287626238,48.41989042193151,204.1893140879928,Barley
22.289810616558164,52.2338180757469,35.48143178684382,221.06063558000545,Barley
16.95240602956492,41.90683904489776,36.71220908539685,246.7788202583711,Barley
23.565372237479266,49.02339723180519,44.5411352323078,184.31091916038565,Barley
24.47090667108519,44.92517505764723,37.61035419739789,124.45530053973866,Barley
22.86205652261058,49.68887864151183,37.6871007704827,103.7790120938844,Barley
23.389973277180108,35.22835966908147,44.07399559258102,245.53856645890855,Barley
19.376613281482037,39.69946809991906,44.09742020086763,222.56922130233778,Barley
20.464303160778474,54.340705505122926,31.03337443315922,175.71933974567924,Barley
22.1845394732255,52.252809422983574,33.5851122381558,220.00052226455222,Barley
20.527070757185452,42.931073639799266,32.634300571581875,229.79436383633686,Barley
16.572732081797152,41.195757184181986,35.80091063924874,230.71210512862814,Barley
21.72702994208898,50.933627943827446,35.00935797584998,193.73111494104984,Barley
20.717459831437488,51.65660753576542,48.12174120962521,101.82351572160802,Barley
21.740199190587926,36.03671598239458,40.97717330154712,143.14490935655172,Barley
18.06776599522141,42.059170069047134,42.4258489809922,150.1074948503154,Barley
22.326990505902806,43.09054771147739,31.367064006199172,217.56397637261608,Barley
17.85758324592706,43.65533759198525,43.708877664438035,149.8684235723068,Barley
15.565856561467156,42.47842094025627,48.88897165388607,196.26015959478372,Barley
21.71479148667207,47.6456430727528,33.979842779188736,162.75007961534203,Barley
22.509397983633182,37.027457951063184,35.55705552179425,141.44786626987803,Barley
19.32018927594506,54.6073748188437,31.35005093367644,177.80514915708926,Barley
16.793646820122106,54.413530908194886,32.266070094549285,160.54015035423868,Barley
22.37884984834606,49.091088560548904,38.45457273787865,151.97862519290774,Barley
18.976123785528706,40.28552526317279,34.106658774135994,172.4559546338335,Barley
17.685337560676075,40.749233297945004,43.13512126949114,245.28059975498383,Barley
21.03637200559375,36.539589341299326,31.511672277081338,242.7134831268349,Barley
17.972907903073335,36.84133972164951,41.98089174300763,193.5473167435399,Barley
21.48504820118688,40.348040557150824,30.3022136842895,244.75230541817078,Barley
17.508930456911024,48.52052576105095,44.13259739757419,191.50111256192287,Barley
18.129073942136483,40.421925075281315,41.95336565405406,229.91434504175373,Barley
24.467337289233956,37.118116088075155,33.0965722519544,241.71043881746195,Barley
22.365352283347924,52.65987649659546,34.052652682706864,188.1378806664103,Barley
22.011395944174737,48.602237708939455,38.16303381733396,102.30923375369628,Barley
20.82926056804263,40.06203078359218,39.005084922857804,243.63715226257258,Barley
18.990353176424346,51.796032133288534,33.77081211498502,200.86907470375434,Barley
24.770069544389436,37.037862017458735,30.166398844543842,165.03741889489214,Barley
15.926254830513672,49.96768699352462,48.29097327697118,165.10314590631384,Barley
17.58711642155441,43.6880663801322,44.468956357000025,101.35812423705565,Barley
20.89453989484697,47.26583369774758,42.75376493791871,136.30331199713157,Barley
22.140527233781267,36.82782972663553,33.98540672933601,231.6205069981723,Barley
22.387231507265664,35.27491108022691,34.96752520739601,132.1609724489747,Barley
17.708063280369725,39.95119540559773,31.250525914856915,168.84107748952306,Barley
22.327334747861652,47.13463449434873,43.4574333719616,112.17237678043587,Barley
24.51490710176787,51.76983667686049,46.101806369913255,223.44757075626512,Barley
24.327105081327613,45.88507932227395,34.00564035735252,192.51754117788118,Barley
22.42881493667939,49.75834786708051,40.428980483337604,110.2688079000367,Barley
18.71112938430128,53.415332169267145,41.68897819514852,180.749791488357,Barley
17.688535143821934,42.36897839833158,47.90692178306338,199.96945712902536,Barley
22.87387026752333,44.086908461353104,42.60494438912316,137.25754131148113,Barley
22.054608302834865,43.552026674066745,38.85091029629491,197.39834868653224,Barley
24.362806214689265,36.28012693217242,46.49486474694015,143.85746656182897,Barley
19.439194545063778,35.43826657550018,36.02092155668626,175.39468639451957,Barley
15.56176077347439,44.8219145876633,48.54221257716854,115.80898271617079,Barley
22.644407280755043,43.19342106751985,43.10347429048676,139.0354896977844,Barley
16.594922625413584,38.209252285424526,31.40983891286289,127.84700573518646,Barley
21.642193849889683,52.633812236870156,46.282513711823235,202.77014648117262,Barley
16.104318634111028,40.783748925919,36.19613750644938,137.49354195964318,Barley
20.150056597097233,45.71107629759345,37.137719503422204,153.0683738104654,Barley
23.285555979060813,50.78585696639371,36.155916633614915,237.0682665809889,Barley
24.52815017002506,41.53485084060082,37.0884989758611,175.84512301329383,Barley
24.411208125336735,52.52638866284623,32.0513592516718,158.90961149071245,Barley
27.533711897497717,70.06264945103081,53.877261358737854,371.76335423363093,Soybean
28.769407829968372,76.75816749703607,67.17528558698945,349.67117073314796,Soybean
26.392106012497173,72.21093510030849,53.20730812239486,334.7290834949815,Soybean
23.792532557392807,73.87899181020313,54.591963215079375,223.51026003004398,Soybean
23.652844901429575,60.03984270438141,64.3747923570706,346.4802098116758,Soybean
27.149333499132595,63.22725602110767,51.671086750213796,203.8257932874574,Soybean
23.657481769652208,77.81711069966293,54.83073683403364,270.8542654434431,Soybean
23.05345484481333,64.44722609496341,60.3844914156041,321.5505366191305,Soybean
24.45352314166211,61.15464318450235,57.82065738254797,246.84067418526683,Soybean
24.195539232298017,79.1972560542691,62.326009718514484,311.3756886344192,Soybean
26.15775103523322,68.57888666860289,60.81810007676162,339.2859614072214,Soybean
29.021460961818295,63.43387815410899,60.002255041532536,282.3916190068204,Soybean
30.705269662693844,72.62837842436753,60.65008132831964,223.07892843578347,Soybean
28.056378893234115,62.34407811360467,56.74413151131504,228.56839296286637,Soybean
28.92073647024369,64.12504227672305,57.83718746376052,379.1349555237557,Soybean
24.043163833989702,70.15610127917559,58.38543322332044,203.62480820914595,Soybean
29.927581135728126,61.380918126291995,59.48510041953907,312.13565898778995,Soybean
28.284264566145872,73.77263258615751,55.065447670454304,201.99575533168988,Soybean
29.23443662354912,70.71313198695157,66.72235406414498,364.27767258013887,Soybean
30.433261677878832,69.7018931995908,56.672567916737314,358.311640518274,Soybean
26.51294113029255,63.66884392806869,67.09948039122949,376.5119753544694,Soybean
26.6630975614017,61.51399454619575,57.756521798338625,360.7075318925207,Soybean
31.01774028546229,64.06945484995191,51.33947224050543,375.47009062656775,Soybean
25.894049389788755,70.83521928535126,69.36131624101517,213.31294558284458,Soybean
28.483180074520956,61.48210845149734,57.50937856933001,360.7629090386894,Soybean
26.334722327556342,79.943647078059,61.18118569893204,264.2324305271907,Soybean
24.20111325904753,67.01041068572323,57.450665475191016,213.7427355447922,Soybean
25.69574199426773,69.2847703947845,64.45475504477609,331.34589694432157,Soybean
29.08765655229154,60.16727363753714,54.35334799161072,332.33685767997133,Soybean
26.83989368179747,60.10626951336692,66.08989284863645,354.5619146580675,Soybean
27.484191629935626,61.32926651552544,65.3303009906517,316.7427175462728,Soybean
29.81959977157959,75.0349398479168,66.06004143915675,303.601613280925,Soybean
23.40324518193515,73.42314946759377,62.40947570103941,348.45063743981746,Soybean
23.698810060507352,63.899503998005784,67.80819034438657,349.99555969041415,Soybean
31.08228488700323,75.17430642327841,61.94310611980604,330.82654740557473,Soybean
30.8912792394001,71.57613509023881,62.64782648656775,231.2953432007201,Soybean
26.739212201161028,74.32794223916198,55.418853966327305,240.45083610490698,Soybean
25.138268082244156,64.83001255985667,54.29825274072792,284.9701685736174,Soybean
31.07838513883534,70.14119293477437,53.758407616306464,215.3943338761748,Soybean
28.961561451379254,67.65597528872776,66.43661893170719,331.9021537281541,Soybean
29.962414505413683,65.43892078836897,63.84717844922116,252.81239693874375,Soybean
31.390684794502917,72.72748563066749,56.490236003506844,253.90237245845452,Soybean
23.909265850716434,73.89281917787456,54.37431225995854,319.0606531854978,Soybean
24.646350269253574,73.23937889587737,66.29879457081078,355.6050486289306,Soybean
29.608513309307817,63.754448113845044,51.767698939690376,339.78976569747715,Soybean
25.683472137943514,68.64692452806695,50.62298185586782,251.91528985500983,Soybean
22.33676403874464,77.58371545202496,54.86793366437061,311.4674339146016,Soybean
22.389793206611305,73.33694782611316,56.46054691508188,379.58383739153317,Soybean
30.881181889340358,66.50581236723495,68.01921791380936,399.2315346997558,Soybean
30.254156641239483,76.89742695510458,54.9801747221818,315.34047977155126,Soybean
22.67255913967368,61.898358736433394,69.97785224066581,265.3278498851822,Soybean
29.481839120488463,76.13330106053633,67.16046542014459,399.5256594804313,Soybean
24.41496485256868,60.807016537193995,58.22383035989172,226.01613396578938,Soybean
22.22425889162055,67.20853654282972,65.67476502150473,313.23613824501416,Soybean
25.12777989210354,73.08684010985439,54.640363606176216,202.876289214417,Soybean
29.643533864364272,72.47486169728018,65.2460524900192,207.7876033375331,Soybean
30.37119627830652,72.39052400072606,61.2679070142528,324.9228096229063,Soybean
30.644332468683643,71.73873013117814,61.619007597763584,398.13583141315314,Soybean
29.56730167068568,68.84587610902271,64.14794000065855,277.8460943383577,Soybean
24.28875462483499,71.93703753775519,68.56364196227904,385.82790400309256,Soybean
25.4190527810549,70.5535493244339,54.23271797139722,399.1262218997767,Soybean
31.81117907867936,72.99017859414894,66.08828119354946,343.02003225674,Soybean
27.931582190394682,61.06695993977795,59.09528685105322,334.95726043348213,Soybean
28.775316138836846,67.46245236844767,68.83383973316062,233.4714064473562,Soybean
27.003594462155604,73.81767953101645,63.942716117836184,329.7277913537631,Soybean
24.7528821345186,63.12413137373244,62.71880653653422,319.86042322788757,Soybean
23.79356010289241,74.10278291141127,59.103439834673125,333.5521183206306,Soybean
30.373670797701507,63.394568571538464,50.382897359936734,355.82051727915734,Soybean
28.09697425152616,73.99279139244243,66.76309949977285,360.5621869649001,Soybean
31.609201469288244,70.71870157704237,59.769912653198105,280.377439978146,Soybean
23.536910428442045,71.45214465764045,55.540250486519575,384.2615024425951,Soybean
27.831908042770976,71.8568036101622,57.0984932175402,210.3978703955415,Soybean
22.317437653729886,68.46670288306395,51.691307561944754,321.3693911080278,Soybean
30.809730056396575,77.65829633037444,63.180908202644645,242.2463662945862,Soybean
30.62996831358872,77.72186870626416,53.93307169905918,347.48521715413546,Soybean
24.86519548927123,76.0528062470586,69.94475799807205,206.00520106587857,Soybean
30.97365865790932,72.45261067197316,69.46765238329643,293.00190350528555,Soybean
30.473879305713737,61.24788137196555,56.70558100156592,213.403307550242,Soybean
31.753431334790704,76.33947814543674,67.05094842491941,387.5930462867789,Soybean
22.851034861197853,67.71195185026667,51.42069778088004,242.15862031000572,Soybean
24.293657770376726,69.38214422095157,55.371243349072856,220.19562136355222,Soybean
23.674910890941078,62.945511271041816,69.46153595824597,351.8585013836947,Soybean
31.67761465269562,68.79480973015816,55.56736963325313,359.6586394418373,Soybean
25.26253918041147,65.98766747410697,54.65011984415662,225.93579564484708,Soybean
24.56463061016766,67.10639496947775,63.47988416291461,212.51296844389032,Soybean
24.10506939665343,76.18047280583353,52.93843847167542,268.5290293045043,Soybean
30.6465892185814,63.098506222868856,51.6547367123638,296.90759901600217,Soybean
25.024195112785364,71.26816728967708,66.0760978096695,227.42969763054862,Soybean
27.80699084554285,70.11017520779728,52.88157572026399,324.7996971057965,Soybean
24.736404178607717,69.75668637088025,51.645446485541235,291.9168114427246,Soybean
25.064634680428203,76.4476242237071,51.13957453994737,283.721454983666,Soybean
26.58431424131438,74.50012152598238,61.485751501804216,333.4424674388362,Soybean
29.770492856517563,77.24405947316377,56.27750993444941,307.6045410727806,Soybean
30.401080784392,79.78902261930114,67.79038622087526,274.29345252487536,Soybean
23.951665172186505,69.78785074813177,64.83282903672085,298.5138141506595,Soybean
26.831808633136685,76.76460842163601,57.22807558134373,371.9589349623291,Soybean
26.068048009517234,66.56466211356678,59.079798223993976,352.48939173497365,Soybean
23.260020278639942,63.92838431744035,69.02889651326184,235.09832547627147,Soybean
27.677273179310546,71.58628933323875,59.792489241004894,328.9490497153637,Soybean
24.298267257976185,71.05324535553497,57.44346510493794,332.33345192583784,Soybean
19.412235433731496,48.563161252592145,28.705407107666474,141.79645946725546,Gram
20.187098003235832,42.742566698032256,41.514219031213344,142.85613514913354,Gram
27.271237818644494,54.54889788017786,36.42520939874195,121.45016839985897,Gram
21.745482433795814,51.96598395022321,32.347814573941406,113.0525827454183,Gram
23.56784910928188,52.67681277244052,40.91852774287005,126.26847101955299,Gram
24.727646144124666,43.3075639515347,29.364150691043445,231.11076599577777,Gram
20.496689527402303,43.94871019777017,25.01306781522599,230.60035511882765,Gram
25.92594813209135,49.40993402636017,40.00531527877685,122.80728511367377,Gram
22.583235945875757,45.26829081023171,26.87553052514033,172.91957278223862,Gram
27.207396503426352,40.600886785760416,30.829218269875877,131.1311404308555,Gram
20.381466536656962,53.62651827819063,34.3613810846858,169.94491194097282,Gram
25.605756424552823,42.31738306007389,34.74530708200102,164.49778211815897,Gram
23.96910690546656,54.99336554875658,40.38897788164094,159.67985545261408,Gram
26.275530522740468,42.5606254496872,25.609273726179204,130.66725586964097,Gram
21.404115561142596,47.658711361893396,37.30258281082399,236.59085758216327,Gram
23.098540095504575,47.51913466938594,26.004860196459642,105.23673289843357,Gram
23.51159961916372,46.57267919872517,41.78360789960597,124.10193770677678,Gram
18.249716621170496,46.73558151895189,29.74957113504515,107.44215600082562,Gram
25.24598286847629,41.67389499935871,37.16639000015543,142.15746252503337,Gram
19.73496050355022,45.696272843789764,41.02891552445907,158.8140365356859,Gram
25.507696492110558,41.88229445198726,40.45542839330158,135.5399987359973,Gram
24.773931298888726,48.48672332261495,43.58289434423375,158.09837769629712,Gram
18.661651888344405,40.287332283268796,41.53717121945506,178.71034564921484,Gram
25.752440518349495,43.51638400017272,31.901674910264674,104.51558083169785,Gram
27.61492324574112,50.0180186005122,43.664101755186124,139.82446111436084,Gram
24.11463611225661,50.17749952438957,31.35099400515177,227.2163852523445,Gram
27.471614629002477,53.272826765440065,39.78133951878745,141.61970195874312,Gram
20.816160421056317,54.45040480669057,25.20568991871384,207.4074959863217,Gram
25.062461625552622,49.34034311424696,44.80217692173731,146.78191536455878,Gram
21.39971863793248,41.18409104419833,33.85596273087475,139.15727893522723,Gram
21.433867021776443,52.51857685383442,43.70969027054991,127.85996080077784,Gram
21.72508931553466,53.92945843173091,26.236169213784454,113.85407921670678,Gram
19.627909892062295,48.92819251190312,28.00944542011995,245.21145721761002,Gram
22.467145272585203,47.5227694052525,29.93317231610813,170.64403786521,Gram
24.619136326370114,51.26765705431064,40.077361654198256,186.68366690411324,Gram
27.04359774993857,52.261117709591645,40.14096229397251,108.34082825206909,Gram
18.068779622196494,43.18670915793209,38.27047187826905,161.67962333238188,Gram
22.02406259299312,53.2688033234442,42.91125696263677,236.37628960803787,Gram
21.138780765150273,50.36583719108893,30.432663625487393,128.59147496116748,Gram
19.84632457347369,45.131614312953914,33.599152395596434,224.64237565826028,Gram
19.19891093472712,51.02388771092341,35.62909828378611,143.19180140139886,Gram
22.928195845328247,44.499131046655336,36.92163910476612,165.07658842828664,Gram
19.64405529078879,41.748746118335454,35.9339136414426,235.3619549929155,Gram
21.439576865576853,50.99500160833935,38.17322709879534,239.73323714642214,Gram
26.20981017299141,48.499078883581944,38.14060996468214,234.75796998760524,Gram
21.99518784586935,44.90192058786666,25.216221672703927,223.98266112871966,Gram
26.009807004033647,41.56681777150227,36.537147622654004,169.5972547250331,Gram
19.187090955091115,54.70852340591085,29.29391774926711,110.08512701358417,Gram
23.948473795019098,51.08300015699549,25.64886892094374,198.80764580905333,Gram
23.322918759514543,41.54897513312573,28.45047753892724,185.19614459741206,Gram
20.963576135132882,54.074735929769744,41.37480458968102,247.53508097704946,Gram
20.59670838950414,54.545854491969656,33.624677395831156,152.12781929706318,Gram
18.50349526969353,40.79147886789404,38.84022511893309,168.6893491651042,Gram
20.265216260361058,49.20955459487849,30.057162365002224,186.64476315166337,Gram
21.592087469826904,52.353283399177286,41.413923215335586,171.6025597183602,Gram
21.508191093350156,45.43839694838642,41.11429051336436,149.2269224196418,Gram
20.09059373706846,41.2703251281296,34.33386241768817,172.31981483797628,Gram
26.40908710402907,43.31858044669096,32.619825473367996,221.26086083405363,Gram
26.236236107489734,45.76916613968152,34.18248046573362,145.49288362739244,Gram
27.32554878419312,41.779656486123706,43.6749884600294,202.5799677753015,Gram
23.315721526867314,40.48988591176744,34.51192383644017,161.16221575040984,Gram
19.612188119751224,49.84614405250986,44.42301814736572,184.32832165967875,Gram
25.147532764439458,41.02675678849025,33.35333991633989,117.45377277467438,Gram
24.127958355365102,54.07723237321232,38.23555464943277,111.52045724716322,Gram
21.546662049850827,48.25995069161277,33.06415512266504,225.04660157127586,Gram
26.146710047099894,49.177465301548324,32.4691589026541,138.30045606448664,Gram
19.058743182131295,45.32346525229831,33.26345034415439,201.37343876561104,Gram
24.581598242975737,41.05162209461886,32.90518630862316,127.26683008260429,Gram
19.568127053168055,52.40953224605869,25.83830433432515,162.8774313853182,Gram
19.68203655766518,53.189953235177114,36.140810265500704,134.7070954565272,Gram
23.024272871663765,50.97229539554674,44.162360178388674,133.06690063681285,Gram
26.861817721293452,54.014561712512354,43.32841089064132,195.3121535292865,Gram
24.298206544347078,46.04815949775734,40.04795764607576,179.6941027526398,Gram
24.774380712282944,46.42686855773193,39.62992928086278,223.67072764068234,Gram
19.46436256602816,52.49394573361342,35.80593063580615,226.69988636353366,Gram
22.313017063410147,45.68560728074553,43.30121465034445,137.6753901322602,Gram
26.442123252861432,47.26030858764106,35.28190885102519,146.2702422234226,Gram
23.730422006190157,44.87816794414317,25.785388284833047,140.79979080165342,Gram
18.063790434065908,54.675321805852846,44.31494419639495,159.27329462084575,Gram
25.28370854339646,45.187091476156375,38.42186314171952,220.81450645689688,Gram
27.467562446922408,46.00318413774508,40.66595965912096,139.88926759481782,Gram
27.90332303793648,40.386543981465266,37.07057613002242,198.92589724769908,Gram
24.88045557074129,41.805813681836334,43.77059566946261,127.17749185751242,Gram
24.22753403239841,43.340141186846274,31.144328340425417,181.96878125921864,Gram
22.171934185645764,42.40338401464759,28.418728048416966,162.72171822441993,Gram
25.572829782755008,53.46946970271683,26.682553245187655,158.96558613391016,Gram
19.002455637228767,40.24888720948897,38.23437365287913,190.36741629498817,Gram
19.630191138148863,43.50719249639596,25.47415507289037,225.24208085416058,Gram
27.746905960485513,42.03189305192036,29.629504275305962,230.26142859204012,Gram
27.264637979561847,46.29441074210216,26.01244944538148,105.90877505392291,Gram
23.739498660690103,45.89342663339769,25.57304855155309,187.4878588468835,Gram
18.113025365890223,51.8105793722391,31.128656454067432,106.03870045138481,Gram
23.883522209831533,45.96526621649582,44.47600826714299,181.6297993755553,Gram
20.75239181037008,50.64158296950962,30.429840050854224,235.63649371113476,Gram
21.747219705073764,48.24802844164308,26.011462076484577,163.9181856928346,Gram
26.32363539660995,52.08473208045013,29.486371177070524,133.9118606515844,Gram
26.173053122132366,53.95597630253988,26.907218425460073,167.5087959139338,Gram
21.37454278964229,53.06032683186159,26.670498293600374,131.6688913837056,Gram
25.524683375864942,40.769407734718236,34.85070761428578,166.31605520195802,Gram
21.344011789887485,45.91858472978386,35.59881173860466,124.20510375825747,Gram
